unit,product,indic_nrg,geo\time	2019M09 	2019M08 	2019M07 	2019M06 	2019M05 	2019M04 	2019M03 	2019M02 	2019M01 	2018M12 	2018M11 	2018M10 	2018M09 	2018M08 	2018M07 	2018M06 	2018M05 	2018M04 	2018M03 	2018M02 	2018M01 	2017M12 	2017M11 	2017M10 	2017M09 	2017M08 	2017M07 	2017M06 	2017M05 	2017M04 	2017M03 	2017M02 	2017M01 	2016M12 	2016M11 	2016M10 	2016M09 	2016M08 	2016M07 	2016M06 	2016M05 	2016M04 	2016M03 	2016M02 	2016M01 	2015M12 	2015M11 	2015M10 	2015M09 	2015M08 	2015M07 	2015M06 	2015M05 	2015M04 	2015M03 	2015M02 	2015M01 	2014M12 	2014M11 	2014M10 	2014M09 	2014M08 	2014M07 	2014M06 	2014M05 	2014M04 	2014M03 	2014M02 	2014M01 	2013M12 	2013M11 	2013M10 	2013M09 	2013M08 	2013M07 	2013M06 	2013M05 	2013M04 	2013M03 	2013M02 	2013M01 	2012M12 	2012M11 	2012M10 	2012M09 	2012M08 	2012M07 	2012M06 	2012M05 	2012M04 	2012M03 	2012M02 	2012M01 	2011M12 	2011M11 	2011M10 	2011M09 	2011M08 	2011M07 	2011M06 	2011M05 	2011M04 	2011M03 	2011M02 	2011M01 	2010M12 	2010M11 	2010M10 	2010M09 	2010M08 	2010M07 	2010M06 	2010M05 	2010M04 	2010M03 	2010M02 	2010M01 	2009M12 	2009M11 	2009M10 	2009M09 	2009M08 	2009M07 	2009M06 	2009M05 	2009M04 	2009M03 	2009M02 	2009M01 	2008M12 	2008M11 	2008M10 	2008M09 	2008M08 	2008M07 	2008M06 	2008M05 	2008M04 	2008M03 	2008M02 	2008M01 
GWH,6000,B_190300,AT	2225 	1718 	1833 	1282 	1589 	1750 	2592 	2610 	2916 	3058 	2679 	2971 	2499 	2588 	2103 	1623 	1546 	1561 	2851 	2279 	2316 	2884 	2726 	2711 	1739 	1704 	2023 	2188 	2162 	2642 	2773 	2975 	2833 	2506 	2457 	2380 	2159 	1615 	1318 	941 	1775 	2109 	3055 	2497 	3530 	3552 	2929 	2243 	2359 	2268 	2049 	1534 	1526 	2030 	2914 	2945 	3018 	2826 	2192 	2815 	1637 	1360 	1632 	1748 	1237 	2033 	3014 	3127 	3091 	3052 	2236 	2647 	1916 	1982 	1664 	1451 	1074 	1740 	2609 	2204 	2386 	2232 	1925 	1910 	1738 	1646 	1460 	1278 	1503 	2021 	2535 	2492 	2507 	3080 	2568 	2130 	1788 	1653 	1791 	1414 	1642 	2043 	2373 	2267 	2231 	2013 	1927 	1758 	1197 	890 	1250 	757 	1185 	2262 	2156 	2112 	2238 	2378 	2390 	1664 	1572 	1222 	1023 	991 	666 	1115 	1844 	2179 	2494 	2299 	2079 	1777 	1223 	827 	770 	823 	1287 	1764 	2162 	2284 	2503 
GWH,6000,B_190300,BE	335 	551 	813 	1415 	1269 	1048 	1211 	1572 	1523 	2131 	1833 	2004 	2203 	1775 	1574 	1943 	2102 	1738 	1458 	1437 	1439 	1293 	1509 	1347 	867 	661 	494 	831 	1393 	1723 	1172 	1199 	1700 	1478 	1505 	1781 	1343 	758 	901 	1649 	1348 	1047 	914 	977 	947 	1420 	1493 	2157 	2249 	2397 	2087 	2081 	2037 	2142 	2132 	1792 	1726 	2217 	2156 	2126 	2148 	2102 	1882 	1800 	1898 	1949 	1323 	914 	1276 	977 	1055 	1084 	1151 	1472 	1061 	1382 	2017 	1958 	1725 	1489 	1872 	1739 	1920 	2118 	1283 	1141 	880 	1155 	1146 	1276 	1828 	1243 	1119 	1160 	1054 	927 	803 	860 	1107 	1297 	1005 	1026 	1427 	1156 	1854 	1593 	1212 	1319 	905 	800 	799 	1061 	853 	760 	929 	916 	1228 	1038 	1029 	953 	524 	536 	621 	701 	654 	713 	757 	890 	1071 	867 	1081 	1186 	1248 	1495 	1034 	1469 	1603 	1886 	2131 	1569 	1588 
GWH,6000,B_190300,BG	148 	151 	197 	372 	352 	274 	275 	190 	268 	225 	154 	146 	119 	139 	160 	82 	144 	214 	139 	259 	442 	416 	251 	291 	258 	158 	180 	231 	244 	385 	453 	339 	500 	508 	300 	239 	191 	488 	487 	212 	281 	499 	376 	380 	605 	479 	439 	459 	314 	465 	184 	174 	223 	314 	377 	321 	501 	425 	293 	332 	364 	533 	395 	315 	311 	307 	491 	219 	334 	401 	232 	230 	181 	109 	391 	337 	232 	258 	374 	324 	281 	304 	257 	238 	138 	203 	143 	112 	102 	98 	162 	259 	337 	151 	181 	171 	99 	138 	50 	11 	80 	83 	192 	158 	134 	42 	77 	241 	135 	115 	23 	2 	95 	89 	83 	85 	179 	265 	64 	175 	121 	200 	230 	221 	194 	218 	356 	285 	333 	292 	127 	175 	191 	284 	227 	213 	118 	141 	318 	544 	467 
GWH,6000,B_190300,CY	0 	0 	0 	0 	0 	0 	0 	0 	0 	0 	0 	0 	0 	0 	0 	0 	0 	0 	0 	0 	0 	0 	0 	0 	0 	0 	0 	0 	0 	0 	0 	0 	0 	0 	0 	0 	0 	0 	0 	0 	0 	0 	0 	0 	0 	0 	0 	0 	0 	0 	0 	0 	0 	0 	0 	0 	0 	0 	0 	0 	0 	0 	0 	0 	0 	0 	0 	0 	0 	0 	0 	0 	0 	0 	0 	0 	0 	0 	0 	0 	0 	0 	0 	0 	0 	0 	0 	0 	0 	0 	0 	0 	0 	0 	0 	0 	0 	0 	0 	0 	0 	0 	0 	0 	0 	0 	0 	0 	0 	0 	0 	0 	0 	0 	0 	0 	0 	0 	0 	0 	0 	0 	0 	0 	0 	0 	0 	0 	0 	0 	0 	0 	0 	0 	0 	0 	0 	0 	0 	0 	0 
GWH,6000,B_190300,CZ	847 	740 	1346 	788 	632 	884 	1035 	851 	1266 	1228 	1139 	1216 	750 	965 	820 	903 	732 	654 	869 	1069 	1227 	1422 	1134 	1145 	609 	806 	1425 	1625 	1222 	1058 	1148 	1676 	1840 	1656 	1152 	1240 	1300 	833 	856 	630 	891 	1157 	1072 	1099 	1937 	1957 	1814 	1662 	1720 	1470 	1726 	977 	753 	556 	987 	1159 	1351 	1408 	964 	773 	437 	704 	1271 	1073 	556 	919 	975 	1160 	1323 	1543 	975 	1030 	936 	810 	828 	578 	394 	595 	880 	960 	1073 	1009 	1090 	1090 	727 	1149 	898 	702 	604 	675 	840 	1524 	1281 	1584 	1214 	941 	805 	922 	1106 	532 	591 	698 	813 	718 	535 	631 	683 	707 	479 	448 	503 	377 	489 	490 	549 	689 	598 	773 	1050 	845 	817 	590 	599 	491 	492 	423 	682 	748 	1074 	770 	896 	771 	483 	592 	751 	545 	507 	569 	708 	865 	1065 
GWH,6000,B_190300,DE	: 	: 	: 	: 	: 	: 	: 	: 	: 	: 	: 	: 	: 	: 	: 	: 	: 	: 	: 	: 	: 	: 	: 	: 	: 	: 	: 	: 	: 	: 	: 	: 	: 	: 	: 	: 	: 	: 	: 	: 	: 	: 	: 	: 	: 	: 	: 	: 	: 	: 	: 	: 	: 	: 	: 	: 	: 	: 	: 	: 	: 	: 	: 	: 	: 	: 	: 	: 	: 	0 	0 	0 	0 	0 	0 	0 	0 	0 	0 	0 	0 	0 	0 	0 	0 	0 	0 	0 	0 	0 	0 	0 	0 	0 	0 	0 	0 	0 	0 	0 	0 	0 	0 	0 	0 	0 	0 	0 	0 	0 	0 	0 	0 	0 	0 	0 	0 	0 	0 	0 	0 	0 	0 	0 	0 	0 	0 	0 	0 	0 	0 	0 	0 	0 	0 	0 	0 	0 	0 	0 	0 
GWH,6000,B_190300,DK	1288 	1577 	1538 	1738 	1152 	1314 	1106 	922 	1104 	1262 	1422 	1225 	1043 	1558 	1597 	1467 	1446 	1117 	1114 	967 	1416 	1283 	1257 	1235 	1338 	1543 	1679 	1484 	1413 	1116 	1065 	743 	1067 	1090 	852 	944 	1466 	1412 	1535 	1737 	1548 	972 	1197 	1217 	1007 	940 	1277 	1598 	1586 	1720 	1614 	1547 	1249 	1066 	757 	857 	993 	892 	886 	469 	1065 	1142 	1593 	944 	1184 	1030 	1187 	825 	552 	698 	922 	771 	1013 	1225 	1404 	1065 	1208 	727 	798 	789 	840 	1019 	1291 	1381 	1314 	1857 	1660 	1440 	1518 	1427 	1337 	766 	909 	860 	931 	945 	1392 	1411 	1430 	1123 	795 	890 	602 	543 	770 	750 	579 	707 	860 	1138 	1370 	1291 	961 	626 	846 	717 	754 	849 	735 	766 	1064 	1200 	917 	982 	1144 	1049 	860 	760 	883 	830 	723 	959 	1262 	1252 	1554 	1077 	1279 	1366 	897 	862 	752 
GWH,6000,B_190300,EA	: 	: 	: 	: 	: 	: 	: 	: 	: 	: 	: 	: 	: 	: 	: 	: 	: 	: 	: 	: 	: 	: 	: 	: 	: 	: 	: 	: 	: 	: 	: 	: 	: 	: 	: 	: 	: 	: 	: 	: 	: 	: 	: 	: 	: 	: 	: 	: 	: 	: 	: 	: 	: 	: 	: 	: 	: 	: 	: 	: 	: 	: 	: 	: 	: 	: 	: 	: 	: 	: 	: 	18292 	: 	: 	: 	: 	: 	: 	: 	: 	: 	: 	: 	: 	: 	: 	: 	: 	: 	: 	: 	: 	: 	18005 	17010 	16645 	14241 	14427 	15940 	14071 	12924 	14265 	15794 	14524 	16141 	15010 	14624 	15270 	12628 	12254 	14903 	12741 	13056 	13807 	15052 	14322 	15583 	15961 	15510 	14713 	13534 	12141 	14751 	13541 	12457 	13253 	14692 	14396 	16294 	15677 	13805 	14034 	13013 	12383 	13184 	12230 	14534 	14476 	17180 	15785 	15635 
GWH,6000,B_190300,EE	348 	385 	597 	581 	462 	328 	265 	320 	225 	242 	300 	377 	292 	174 	154 	291 	316 	137 	156 	246 	225 	242 	219 	208 	165 	201 	279 	210 	109 	136 	107 	203 	202 	180 	108 	84 	151 	138 	230 	366 	472 	353 	607 	535 	349 	429 	404 	500 	352 	397 	543 	616 	426 	490 	483 	347 	458 	359 	291 	266 	253 	235 	180 	185 	310 	373 	384 	439 	450 	373 	191 	130 	45 	116 	196 	154 	308 	323 	297 	273 	306 	238 	228 	192 	180 	154 	297 	209 	261 	244 	264 	215 	228 	139 	128 	237 	186 	133 	162 	97 	113 	276 	99 	68 	40 	73 	67 	55 	101 	141 	108 	56 	64 	11 	26 	97 	96 	409 	379 	365 	244 	254 	261 	110 	223 	261 	180 	161 	176 	181 	163 	99 	10 	6 	157 	179 	153 	164 	220 	10 	17 
GWH,6000,B_190300,EL	805 	870 	1031 	895 	1036 	1023 	1089 	855 	650 	757 	560 	510 	488 	941 	1048 	657 	625 	854 	704 	703 	858 	690 	546 	538 	853 	733 	917 	695 	806 	898 	978 	608 	434 	410 	505 	557 	788 	970 	1015 	838 	945 	905 	1086 	975 	840 	772 	650 	724 	855 	941 	895 	968 	961 	1014 	1213 	905 	1183 	1099 	1058 	842 	824 	1073 	1028 	697 	617 	509 	740 	422 	553 	505 	488 	393 	356 	385 	420 	338 	268 	348 	386 	453 	365 	415 	421 	366 	465 	594 	784 	515 	341 	518 	537 	463 	535 	624 	601 	476 	462 	726 	751 	632 	469 	563 	647 	648 	581 	581 	612 	587 	771 	971 	964 	889 	630 	706 	728 	554 	524 	563 	549 	454 	542 	659 	934 	859 	564 	550 	753 	592 	581 	194 	256 	186 	282 	374 	394 	362 	242 	327 	419 	215 	130 
GWH,6000,B_190300,ES	1242 	1278 	1246 	1118 	1573 	1823 	2429 	2058 	1580 	2038 	1160 	1148 	1992 	1772 	2433 	2234 	2229 	1709 	1410 	1935 	2298 	1235 	1287 	1523 	2138 	2560 	2021 	1878 	2377 	2153 	2536 	1878 	1235 	1967 	1597 	1152 	1736 	1801 	1772 	1785 	1747 	1385 	1364 	2046 	1992 	1481 	1481 	1228 	633 	781 	786 	893 	1003 	748 	699 	587 	881 	744 	1054 	699 	824 	841 	721 	732 	847 	329 	947 	771 	1142 	767 	358 	689 	670 	815 	560 	819 	1014 	808 	876 	681 	1025 	670 	605 	271 	488 	610 	724 	803 	696 	451 	705 	469 	943 	815 	475 	740 	552 	801 	629 	588 	541 	251 	383 	318 	353 	545 	380 	93 	338 	367 	262 	398 	254 	157 	175 	213 	411 	704 	417 	349 	404 	491 	533 	603 	807 	653 	717 	525 	497 	679 	535 	284 	505 	468 	534 	334 	580 	336 	230 	608 	691 
GWH,6000,B_190300,EU27	: 	: 	: 	: 	: 	: 	: 	: 	: 	: 	: 	: 	: 	: 	: 	: 	: 	: 	: 	: 	: 	: 	: 	: 	: 	: 	: 	: 	: 	: 	: 	: 	: 	: 	: 	: 	: 	: 	: 	: 	: 	: 	: 	: 	: 	: 	: 	: 	: 	: 	: 	: 	: 	: 	: 	: 	: 	: 	: 	: 	: 	: 	: 	: 	: 	: 	: 	: 	: 	: 	: 	26301 	: 	: 	: 	: 	: 	: 	: 	: 	: 	: 	: 	: 	: 	: 	: 	: 	: 	: 	: 	: 	: 	26304 	24482 	23325 	20627 	22061 	24532 	20096 	18033 	20035 	21637 	19947 	21991 	22173 	20208 	21971 	18409 	18340 	21569 	17863 	18083 	19108 	21119 	19854 	21242 	22548 	21826 	20660 	19489 	18075 	20772 	19069 	18278 	18621 	20628 	19673 	22969 	22494 	20833 	20544 	19911 	19753 	21100 	18795 	20622 	20513 	23855 	22981 	23290 
GWH,6000,B_190300,EU28	: 	: 	: 	: 	: 	: 	: 	: 	: 	: 	: 	: 	: 	: 	: 	: 	: 	: 	: 	: 	: 	: 	: 	: 	: 	: 	: 	: 	: 	: 	: 	: 	: 	: 	: 	: 	: 	: 	: 	: 	: 	: 	: 	: 	: 	: 	: 	: 	: 	: 	: 	: 	: 	: 	: 	: 	: 	: 	: 	: 	: 	: 	: 	: 	: 	: 	: 	: 	: 	: 	: 	26751 	: 	: 	: 	: 	: 	: 	: 	: 	: 	: 	: 	: 	: 	: 	: 	: 	: 	: 	: 	: 	: 	: 	: 	: 	: 	: 	: 	: 	: 	: 	: 	: 	: 	: 	: 	: 	: 	: 	: 	: 	: 	: 	: 	: 	: 	: 	: 	: 	: 	: 	: 	: 	: 	: 	: 	: 	: 	: 	: 	: 	: 	: 	: 	: 	: 	: 	: 	: 	: 
GWH,6000,B_190300,FI	2202 	2282 	1959 	1654 	1817 	1664 	1952 	1906 	2408 	2078 	1719 	2044 	1878 	1990 	1715 	2042 	1754 	1714 	1742 	1873 	1998 	1717 	1725 	1867 	1766 	2081 	1912 	1808 	1720 	1946 	1628 	1942 	2089 	1914 	1579 	1583 	1750 	1673 	1707 	1711 	1876 	1608 	2116 	2073 	2523 	1759 	1861 	1674 	1674 	1843 	1755 	1484 	1464 	1647 	1891 	2020 	2387 	2082 	1857 	1632 	1664 	1901 	1796 	1419 	1503 	1809 	1988 	1856 	2115 	1838 	1655 	1464 	1610 	1783 	1629 	1542 	1117 	889 	1275 	1085 	1700 	1680 	1493 	1397 	1705 	1858 	1517 	1171 	1535 	1598 	1649 	1568 	1918 	1407 	1339 	1440 	1949 	1883 	1699 	1426 	1313 	1284 	1324 	1248 	1345 	1353 	1345 	1224 	1242 	1593 	1289 	1217 	1362 	1174 	1328 	1203 	1391 	1402 	1352 	1339 	1318 	1128 	1307 	1127 	1410 	1295 	1290 	1181 	1311 	1280 	1260 	1231 	1234 	1335 	1211 	999 	1475 	1313 	1603 	1491 	1674 
GWH,6000,B_190300,FR	1078 	797 	891 	325 	243 	1052 	650 	961 	2744 	1232 	2068 	1050 	704 	1175 	728 	209 	393 	647 	1915 	2115 	590 	2982 	3651 	1979 	827 	1005 	1366 	1244 	668 	699 	837 	1475 	3651 	3098 	2665 	2446 	1594 	1483 	1041 	370 	815 	1576 	1423 	1171 	1483 	704 	838 	972 	617 	320 	710 	485 	572 	1019 	803 	1447 	720 	848 	540 	664 	593 	182 	175 	287 	270 	661 	997 	1175 	790 	1723 	1514 	734 	: 	: 	: 	: 	: 	: 	: 	: 	: 	: 	: 	: 	: 	: 	: 	: 	: 	: 	: 	: 	: 	943 	1262 	841 	488 	333 	288 	302 	499 	549 	871 	855 	1266 	2184 	1726 	2680 	982 	479 	780 	543 	1375 	1312 	2127 	2196 	3039 	2377 	1919 	2606 	1604 	1373 	2025 	1509 	693 	1033 	826 	983 	1569 	1395 	940 	1578 	878 	509 	643 	446 	314 	593 	915 	519 	798 
GWH,6000,B_190300,HR	1073 	1128 	1133 	943 	841 	995 	1102 	846 	1082 	1067 	881 	1065 	1032 	1118 	1175 	1009 	1011 	1062 	1371 	1059 	843 	894 	818 	1005 	933 	1142 	1173 	1193 	1092 	716 	699 	632 	836 	713 	566 	579 	874 	895 	970 	750 	670 	593 	669 	606 	817 	803 	632 	722 	871 	1004 	1004 	855 	540 	485 	566 	532 	601 	514 	522 	555 	768 	748 	752 	609 	476 	567 	484 	478 	549 	709 	490 	450 	618 	675 	765 	624 	511 	492 	487 	478 	545 	530 	494 	645 	865 	948 	984 	966 	803 	687 	756 	824 	827 	767 	860 	766 	739 	843 	835 	761 	945 	683 	648 	577 	520 	597 	527 	641 	611 	720 	700 	562 	535 	441 	472 	466 	512 	623 	761 	642 	673 	710 	730 	676 	657 	380 	594 	570 	643 	639 	758 	735 	696 	730 	740 	554 	660 	628 	690 	694 	724 
GWH,6000,B_190300,HU	1735 	1623 	1343 	1518 	1834 	1707 	1848 	1731 	1969 	1896 	1502 	1507 	1328 	1567 	1338 	1718 	1648 	1334 	1799 	1414 	1563 	1475 	1528 	1470 	1594 	1636 	1569 	1641 	1738 	1767 	1644 	1824 	1917 	1793 	1510 	1438 	1249 	1386 	1500 	1391 	1415 	1622 	1513 	1427 	1708 	1784 	1609 	1517 	1549 	1714 	1934 	1646 	1663 	1719 	1629 	1458 	1714 	1613 	1554 	1667 	1410 	1665 	1738 	1770 	1598 	1597 	1487 	1362 	1618 	1794 	1560 	1699 	1404 	1413 	1487 	1234 	1212 	1265 	1208 	1138 	1224 	1197 	1192 	1268 	1294 	1558 	1574 	1283 	1319 	1461 	1473 	1621 	1724 	1618 	1456 	1451 	1384 	1327 	1487 	961 	1209 	1037 	956 	947 	832 	604 	702 	1125 	885 	944 	1230 	875 	775 	786 	638 	652 	680 	865 	765 	943 	1055 	750 	1112 	680 	701 	711 	1166 	798 	958 	808 	866 	1013 	888 	900 	1001 	802 	1004 	985 	1160 	1326 	1420 
GWH,6000,B_190300,IE	198 	127 	231 	103 	130 	181 	202 	135 	267 	218 	126 	191 	174 	117 	93 	112 	94 	113 	88 	156 	139 	138 	169 	146 	59 	89 	82 	88 	54 	60 	87 	71 	55 	50 	20 	15 	8 	75 	54 	88 	134 	114 	100 	101 	112 	142 	128 	138 	90 	116 	97 	180 	155 	176 	177 	196 	182 	190 	209 	217 	190 	215 	215 	228 	252 	240 	298 	270 	312 	254 	297 	334 	245 	359 	300 	310 	373 	106 	47 	165 	190 	103 	40 	56 	98 	96 	66 	74 	67 	66 	88 	26 	3 	3 	6 	10 	23 	55 	70 	104 	101 	131 	95 	65 	70 	92 	26 	24 	14 	55 	23 	51 	105 	51 	74 	108 	138 	71 	46 	32 	100 	107 	117 	87 	100 	87 	90 	58 	44 	77 	9 	14 	58 	59 	59 	31 	81 	141 	118 	69 	37 
GWH,6000,B_190300,IS	: 	: 	: 	: 	: 	: 	: 	: 	: 	: 	: 	: 	: 	: 	: 	: 	: 	: 	: 	: 	: 	: 	: 	: 	: 	: 	: 	: 	: 	: 	: 	: 	: 	: 	: 	: 	: 	: 	: 	: 	: 	: 	: 	: 	: 	: 	: 	: 	: 	: 	: 	: 	: 	: 	0 	0 	0 	0 	0 	0 	0 	0 	0 	0 	0 	0 	0 	0 	0 	0 	0 	0 	0 	0 	0 	0 	0 	0 	0 	0 	0 	0 	0 	0 	0 	0 	0 	0 	0 	0 	0 	0 	0 	0 	0 	0 	0 	0 	0 	0 	0 	0 	0 	0 	0 	0 	0 	0 	0 	0 	0 	0 	0 	0 	0 	0 	0 	0 	0 	0 	0 	0 	0 	0 	0 	0 	0 	0 	0 	0 	0 	0 	0 	0 	0 	0 	0 	0 	0 	0 	0 
GWH,6000,B_190300,IT	: 	2783 	4120 	3694 	3559 	3040 	4202 	4154 	3352 	3967 	2767 	4067 	3167 	2988 	4679 	3607 	3671 	3998 	4731 	4602 	4891 	3662 	2991 	3782 	3887 	3012 	4161 	3290 	3701 	3613 	5155 	3568 	2073 	1872 	2319 	2745 	3305 	2817 	4413 	3473 	3662 	4106 	4912 	5077 	4474 	4607 	5045 	4608 	3880 	2871 	4444 	3715 	3143 	3897 	4721 	4736 	5179 	4221 	4851 	4716 	3724 	2483 	3536 	3287 	3200 	3039 	4800 	4514 	4353 	3798 	4144 	4550 	2961 	2716 	3674 	3471 	3359 	3203 	3791 	4428 	4239 	3896 	4595 	4661 	3303 	2230 	3415 	3511 	3477 	3849 	4720 	3274 	4381 	4393 	4663 	4816 	3094 	2729 	4016 	3541 	3541 	4054 	4228 	4196 	4078 	3036 	4005 	3869 	3503 	2926 	4563 	3914 	3682 	4046 	4541 	4039 	3637 	3567 	3809 	3310 	3698 	2926 	4388 	3873 	3894 	4087 	4758 	4234 	4026 	4079 	3055 	3094 	3069 	2844 	3838 	3010 	4043 	3000 	3846 	3759 	3887 
GWH,6000,B_190300,LT	1032 	1186 	1086 	1171 	842 	1134 	1092 	1010 	1196 	1151 	1159 	1064 	903 	1012 	1052 	1076 	1051 	1037 	1131 	1087 	1123 	1060 	979 	1060 	972 	1044 	960 	914 	1018 	938 	1014 	910 	1058 	905 	782 	953 	1010 	1010 	954 	816 	987 	986 	1019 	840 	845 	709 	726 	743 	615 	650 	578 	549 	583 	698 	662 	664 	761 	798 	789 	772 	675 	622 	608 	649 	756 	754 	626 	667 	737 	664 	781 	681 	567 	587 	632 	701 	775 	697 	636 	619 	735 	668 	707 	691 	547 	657 	712 	670 	750 	720 	697 	623 	620 	615 	729 	724 	630 	690 	693 	678 	743 	722 	601 	596 	665 	829 	692 	747 	736 	674 	644 	594 	680 	788 	582 	545 	663 	403 	346 	437 	340 	354 	396 	546 	432 	494 	317 	315 	403 	417 	344 	437 	724 	790 	424 	456 	354 	400 	407 	388 	508 
GWH,6000,B_190300,LU	529 	494 	547 	549 	558 	558 	629 	588 	673 	603 	635 	657 	598 	546 	577 	622 	646 	646 	674 	642 	672 	638 	648 	634 	585 	581 	590 	573 	588 	620 	656 	624 	702 	652 	671 	660 	632 	559 	615 	611 	677 	651 	648 	648 	666 	644 	648 	651 	634 	594 	640 	594 	624 	624 	644 	596 	639 	561 	576 	621 	588 	528 	593 	609 	604 	606 	612 	564 	597 	520 	575 	597 	558 	531 	591 	567 	574 	604 	572 	529 	608 	545 	570 	570 	571 	494 	531 	556 	563 	584 	597 	608 	548 	548 	560 	620 	629 	563 	551 	464 	563 	613 	666 	640 	678 	638 	645 	630 	574 	487 	581 	580 	695 	625 	614 	573 	638 	554 	523 	552 	517 	462 	497 	458 	466 	465 	487 	493 	549 	500 	487 	533 	529 	525 	635 	611 	639 	601 	605 	582 	613 
GWH,6000,B_190300,LV	310 	366 	550 	510 	438 	407 	307 	397 	460 	479 	518 	511 	439 	499 	498 	484 	445 	289 	366 	321 	323 	300 	332 	368 	354 	469 	510 	410 	331 	168 	127 	346 	359 	272 	154 	291 	491 	519 	606 	420 	493 	425 	420 	405 	331 	259 	352 	580 	473 	491 	478 	518 	505 	514 	281 	413 	383 	392 	335 	346 	464 	451 	510 	525 	481 	427 	469 	443 	495 	466 	508 	470 	436 	509 	481 	411 	320 	304 	377 	361 	361 	292 	298 	444 	436 	497 	472 	439 	448 	294 	483 	481 	353 	270 	350 	440 	413 	375 	488 	445 	280 	142 	231 	269 	305 	504 	365 	421 	446 	430 	483 	331 	211 	138 	194 	237 	213 	448 	420 	485 	436 	447 	420 	403 	402 	251 	367 	345 	497 	656 	660 	455 	481 	444 	616 	570 	397 	433 	451 	388 	484 
GWH,6000,B_190300,ME	: 	684 	548 	383 	184 	703 	723 	-75 	493 	564 	24 	687 	671 	306 	709 	652 	706 	579 	666 	880 	667 	623 	736 	668 	683 	766 	724 	763 	780 	679 	689 	1216 	798 	628 	997 	572 	444 	824 	547 	632 	837 	524 	549 	988 	620 	563 	909 	557 	533 	822 	563 	581 	882 	497 	455 	507 	505 	540 	587 	551 	478 	628 	536 	588 	493 	473 	523 	596 	541 	91 	69 	100 	117 	152 	199 	169 	128 	78 	25 	71 	99 	: 	: 	: 	: 	: 	: 	: 	: 	: 	: 	: 	: 	: 	: 	: 	: 	: 	: 	: 	: 	: 	: 	: 	: 	: 	: 	: 	: 	: 	: 	: 	: 	: 	: 	: 	: 	: 	: 	: 	: 	: 	: 	: 	: 	: 	: 	: 	: 	: 	: 	: 	: 	: 	: 	: 	: 	: 	: 	: 	: 
GWH,6000,B_190300,MK	: 	: 	: 	: 	: 	: 	: 	: 	: 	: 	: 	: 	: 	: 	: 	: 	: 	: 	: 	: 	: 	: 	: 	: 	: 	: 	: 	: 	: 	: 	: 	: 	: 	: 	: 	: 	: 	: 	: 	: 	: 	: 	: 	: 	: 	: 	: 	: 	: 	: 	: 	: 	: 	: 	: 	: 	: 	: 	: 	: 	: 	: 	: 	: 	: 	: 	: 	: 	: 	0 	0 	0 	0 	0 	0 	0 	0 	0 	0 	0 	0 	: 	: 	: 	: 	: 	: 	: 	: 	: 	: 	: 	: 	: 	: 	: 	: 	: 	: 	: 	: 	: 	: 	: 	: 	: 	: 	: 	: 	: 	: 	: 	: 	: 	: 	: 	: 	: 	: 	: 	: 	: 	: 	: 	: 	: 	: 	: 	: 	: 	: 	: 	: 	: 	: 	: 	: 	: 	: 	: 	: 
GWH,6000,B_190300,MT	69 	70 	82 	45 	34 	45 	59 	61 	47 	43 	25 	39 	54 	53 	46 	56 	36 	79 	77 	37 	89 	53 	87 	31 	11 	69 	82 	58 	88 	68 	105 	111 	133 	123 	121 	130 	130 	138 	144 	135 	129 	117 	124 	116 	118 	114 	130 	123 	139 	142 	136 	107 	83 	57 	7 	0 	0 	0 	0 	0 	0 	: 	: 	: 	: 	: 	: 	: 	: 	: 	: 	0 	0 	0 	0 	0 	0 	0 	0 	0 	0 	0 	0 	0 	0 	0 	0 	0 	0 	0 	0 	0 	0 	0 	0 	0 	0 	0 	0 	0 	0 	0 	0 	0 	0 	0 	0 	0 	0 	0 	0 	0 	0 	0 	0 	0 	0 	0 	0 	0 	0 	0 	0 	0 	0 	0 	0 	0 	0 	0 	0 	0 	0 	0 	0 	0 	0 	0 	0 	0 	0 
GWH,6000,B_190300,NL	1636 	1843 	1763 	2035 	2132 	1670 	1682 	1349 	2023 	2281 	2132 	1843 	2420 	2178 	995 	2521 	2979 	2391 	2071 	1711 	2023 	1812 	1632 	1842 	2159 	2204 	1556 	1984 	2327 	1920 	1915 	1468 	1640 	1712 	1720 	1686 	1742 	2026 	2413 	2397 	2397 	2107 	1987 	2034 	2011 	2052 	2052 	2551 	2583 	2892 	2619 	3259 	2782 	2414 	2729 	2371 	2432 	2456 	2708 	2668 	2517 	2388 	2859 	2545 	2825 	2836 	3096 	2891 	3065 	2165 	2398 	2734 	2741 	3036 	3311 	3151 	2832 	2562 	2977 	2462 	2883 	2941 	2725 	2762 	2713 	2824 	3045 	3080 	3138 	2514 	2881 	1556 	1977 	1697 	1488 	1599 	1926 	2223 	2312 	2192 	1230 	1390 	1413 	1253 	1898 	1718 	1113 	770 	1323 	1903 	1989 	1818 	1578 	1148 	688 	668 	868 	1052 	1074 	995 	1080 	1362 	1046 	1642 	1447 	1460 	1290 	1398 	1630 	2033 	1738 	1563 	1881 	2333 	2131 	2265 	2376 	2081 	2454 	2273 	1063 
GWH,6000,B_190300,NO	202 	332 	422 	962 	1046 	1190 	2089 	1151 	1195 	1357 	444 	330 	447 	346 	623 	651 	804 	1222 	994 	358 	763 	925 	638 	469 	109 	120 	105 	150 	405 	806 	1150 	748 	429 	741 	777 	455 	157 	250 	206 	161 	471 	716 	464 	722 	624 	714 	534 	455 	271 	299 	468 	260 	756 	1005 	874 	776 	827 	908 	521 	557 	279 	229 	144 	139 	180 	581 	1097 	1020 	806 	736 	698 	626 	270 	126 	285 	486 	1127 	1953 	1577 	1159 	1080 	975 	742 	547 	65 	44 	126 	166 	218 	273 	334 	273 	332 	862 	180 	217 	368 	138 	85 	299 	808 	1585 	2275 	1975 	2383 	1360 	1214 	698 	713 	910 	884 	1757 	2042 	1625 	1439 	936 	955 	659 	449 	208 	70 	158 	372 	609 	589 	684 	608 	643 	544 	331 	426 	299 	194 	129 	109 	119 	425 	413 	239 	243 	487 
GWH,6000,B_190300,PL	1606 	1374 	1660 	1488 	1531 	1389 	1498 	1230 	1213 	1070 	1057 	1242 	1081 	1302 	911 	1157 	1319 	1131 	1140 	1069 	1337 	1171 	1052 	1005 	841 	1012 	1211 	1101 	1287 	1134 	1259 	1002 	1197 	1023 	559 	901 	1052 	933 	906 	1163 	1457 	1433 	1532 	1388 	1671 	1337 	1378 	1410 	1344 	1304 	1307 	1114 	1062 	913 	1105 	1039 	1146 	1291 	1132 	1179 	782 	941 	1143 	1205 	907 	1291 	1255 	1141 	1242 	1173 	621 	806 	518 	642 	860 	662 	340 	415 	577 	513 	673 	738 	718 	933 	720 	1032 	1017 	542 	774 	638 	966 	871 	854 	1119 	910 	709 	486 	626 	883 	397 	281 	415 	305 	420 	230 	362 	510 	560 	295 	503 	694 	271 	620 	681 	648 	586 	581 	688 	804 	716 	722 	578 	690 	476 	484 	241 	459 	654 	891 	530 	703 	781 	582 	532 	702 	449 	583 	699 	950 	962 	1008 
GWH,6000,B_190300,PT	: 	764 	494 	488 	740 	654 	961 	845 	674 	633 	513 	615 	484 	334 	232 	245 	529 	452 	311 	661 	659 	805 	592 	721 	352 	152 	344 	388 	441 	467 	377 	277 	591 	557 	485 	545 	397 	396 	505 	219 	214 	197 	441 	257 	403 	887 	649 	411 	598 	733 	830 	750 	544 	635 	613 	519 	909 	661 	469 	704 	821 	826 	958 	748 	652 	488 	309 	215 	396 	831 	609 	831 	896 	900 	1184 	688 	536 	266 	261 	467 	622 	986 	599 	947 	839 	725 	832 	940 	979 	933 	978 	967 	1042 	721 	526 	597 	678 	580 	678 	555 	390 	698 	501 	304 	516 	234 	470 	701 	616 	706 	685 	537 	355 	333 	389 	432 	354 	427 	666 	594 	497 	574 	753 	755 	711 	743 	557 	485 	836 	1071 	1045 	834 	758 	711 	810 	871 	854 	959 	1079 	858 	894 
GWH,6000,B_190300,RO	598 	621 	402 	135 	182 	286 	290 	301 	535 	478 	334 	292 	238 	124 	92 	223 	343 	180 	217 	147 	267 	160 	266 	352 	375 	455 	348 	219 	457 	274 	263 	315 	171 	167 	247 	301 	332 	197 	96 	172 	525 	328 	494 	482 	226 	457 	270 	286 	247 	333 	204 	142 	94 	19 	50 	41 	111 	82 	212 	118 	32 	42 	66 	4 	17 	21 	30 	53 	22 	20 	22 	21 	15 	25 	5 	51 	69 	58 	31 	50 	83 	78 	74 	90 	83 	62 	64 	64 	81 	62 	94 	77 	92 	141 	88 	78 	68 	79 	50 	42 	48 	38 	42 	41 	54 	70 	108 	40 	28 	23 	36 	43 	76 	57 	89 	96 	87 	32 	52 	58 	47 	17 	21 	38 	34 	27 	88 	87 	144 	124 	69 	63 	85 	93 	92 	78 	58 	45 	60 	65 	90 
GWH,6000,B_190300,SE	960 	1247 	820 	194 	296 	548 	749 	767 	1378 	952 	1124 	1133 	969 	1152 	1163 	: 	412 	696 	1274 	1276 	1318 	1033 	940 	1421 	1167 	1341 	1006 	1266 	: 	641 	560 	808 	1028 	1182 	1205 	1028 	1057 	1167 	1175 	1776 	1275 	676 	1166 	1010 	1566 	1025 	1068 	485 	945 	724 	331 	784 	744 	479 	746 	569 	1390 	1318 	1133 	1030 	1453 	1703 	1356 	1175 	1265 	975 	428 	748 	1268 	1317 	1215 	847 	1134 	1778 	1092 	1263 	1048 	546 	916 	644 	873 	1096 	518 	582 	1110 	1295 	836 	980 	892 	848 	574 	1313 	1635 	652 	1157 	765 	518 	1065 	1342 	966 	671 	972 	1562 	1231 	1602 	2076 	1241 	1842 	1199 	383 	536 	297 	398 	1253 	2076 	1824 	1806 	1928 	1774 	1462 	1168 	1247 	855 	922 	659 	968 	939 	804 	1034 	1856 	1887 	1094 	1068 	1194 	1168 	1089 	351 	379 	933 	894 	840 
GWH,6000,B_190300,SI	707 	648 	761 	750 	721 	847 	897 	701 	906 	905 	560 	732 	582 	536 	759 	825 	788 	852 	850 	757 	784 	755 	739 	843 	640 	721 	693 	852 	847 	845 	773 	653 	773 	643 	646 	904 	681 	549 	726 	553 	721 	738 	704 	715 	778 	875 	785 	722 	593 	629 	672 	698 	967 	892 	682 	719 	811 	674 	776 	780 	666 	572 	612 	621 	509 	584 	504 	433 	522 	602 	686 	825 	498 	467 	619 	575 	536 	587 	682 	679 	766 	551 	498 	617 	513 	650 	562 	634 	799 	680 	720 	604 	952 	880 	888 	914 	681 	745 	889 	915 	914 	791 	1065 	879 	912 	716 	656 	808 	616 	599 	731 	654 	584 	653 	713 	691 	599 	573 	615 	568 	486 	420 	444 	423 	428 	514 	550 	529 	606 	523 	563 	586 	526 	403 	409 	364 	456 	575 	674 	553 	587 
GWH,6000,B_190300,SK	1333 	1039 	1050 	898 	981 	1072 	990 	1142 	1600 	1521 	1126 	1394 	1083 	1153 	936 	1106 	1068 	516 	829 	756 	939 	1133 	1344 	1304 	1008 	1107 	1121 	1276 	1371 	1461 	1212 	1502 	1724 	1268 	863 	1133 	856 	638 	910 	1084 	1383 	1352 	1060 	1007 	1695 	1609 	1336 	1341 	1298 	1225 	1566 	1133 	742 	958 	1230 	1223 	1295 	1182 	1054 	1143 	828 	754 	1135 	1251 	786 	1395 	1151 	990 	1258 	1441 	1040 	1280 	901 	955 	1113 	508 	429 	594 	757 	786 	869 	964 	1039 	1090 	970 	1219 	1283 	1016 	854 	1106 	1074 	1369 	1438 	1595 	1452 	1299 	983 	1142 	998 	544 	603 	596 	702 	627 	319 	307 	507 	807 	547 	478 	987 	322 	398 	580 	590 	617 	518 	846 	742 	932 	948 	627 	802 	403 	394 	277 	773 	688 	904 	499 	594 	1069 	812 	494 	559 	466 	431 	736 	724 	995 	1153 
GWH,6000,B_190300,TR	129 	193 	164 	155 	137 	120 	259 	176 	142 	132 	246 	147 	205 	230 	273 	228 	289 	233 	130 	189 	165 	233 	173 	152 	260 	212 	287 	200 	231 	156 	305 	179 	340 	712 	423 	430 	476 	665 	647 	505 	395 	394 	460 	590 	685 	775 	591 	501 	548 	674 	651 	551 	428 	550 	684 	633 	829 	869 	795 	645 	533 	588 	748 	510 	620 	634 	635 	605 	759 	844 	763 	700 	582 	625 	584 	449 	455 	506 	573 	626 	716 	603 	595 	509 	534 	522 	596 	426 	395 	310 	415 	391 	388 	429 	410 	426 	445 	561 	530 	252 	323 	331 	318 	361 	354 	360 	351 	359 	199 	79 	91 	47 	58 	59 	82 	95 	97 	96 	92 	37 	53 	94 	90 	59 	51 	60 	62 	56 	65 	59 	67 	67 	67 	33 	81 	47 	125 	68 	46 	66 	65 
GWH,6000,B_190300,UK	: 	1879 	1972 	1984 	2350 	1792 	2774 	2302 	1703 	1893 	1452 	1184 	1483 	1837 	2083 	1772 	1909 	1798 	1677 	1850 	2273 	1439 	943 	1264 	1545 	1972 	1970 	1598 	1791 	2035 	1453 	1618 	864 	867 	1116 	931 	1228 	1888 	1807 	1684 	2022 	1916 	2264 	2104 	1966 	1809 	1630 	1641 	2001 	2063 	2076 	1998 	1754 	2030 	1889 	1677 	1821 	1970 	2078 	1678 	1758 	2127 	2146 	1769 	2003 	2000 	1713 	1015 	1406 	1406 	10 	1454 	1561 	16 	2014 	1441 	1570 	1315 	1265 	1014 	1074 	1086 	1541 	1493 	1493 	1420 	1001 	1000 	1223 	1128 	1172 	522 	1475 	1289 	456 	456 	591 	1002 	1063 	870 	411 	773 	539 	500 	723 	1222 	560 	256 	617 	1287 	1039 	985 	658 	382 	336 	4 	2 	336 	306 	60 	185 	551 	781 	769 	1279 	986 	522 	481 	458 	534 	753 	762 	1134 	1289 	1381 	1286 	1437 	1020 	791 	902 	1021 
GWH,6000,B_190500,AT	1709 	1633 	1913 	2094 	1815 	2148 	2189 	1901 	2382 	2348 	1605 	1634 	1260 	1080 	1332 	1650 	1912 	1560 	1389 	1528 	1821 	1835 	2101 	2202 	2099 	2030 	1827 	1813 	1974 	1888 	1891 	1471 	1717 	1486 	1398 	1472 	1393 	1809 	1961 	1485 	1746 	1710 	1644 	1617 	1467 	1644 	1580 	1658 	1462 	1464 	1331 	1641 	1856 	1689 	1513 	1507 	1966 	1545 	1603 	1728 	1828 	1705 	1330 	1426 	1582 	1124 	1344 	1172 	1050 	1469 	1641 	1512 	1230 	949 	1417 	1398 	1838 	1403 	1505 	1560 	1758 	1367 	1764 	1823 	1637 	1433 	1686 	1800 	1537 	1519 	2014 	1939 	1937 	1453 	1585 	1661 	1101 	1188 	1381 	1450 	1207 	1174 	1406 	1430 	1715 	1662 	1484 	1575 	1541 	1385 	1472 	1516 	1370 	1146 	1408 	1409 	1560 	1630 	1451 	1824 	1654 	1503 	1654 	1677 	1765 	1753 	1442 	1178 	1231 	1425 	1125 	1026 	826 	1396 	1351 	1059 	1264 	1306 	1464 	1296 	1394 
GWH,6000,B_190500,BE	1576 	1787 	1319 	1275 	1143 	1026 	914 	899 	822 	143 	277 	121 	97 	285 	253 	389 	465 	347 	649 	824 	459 	936 	703 	737 	548 	834 	975 	631 	277 	177 	685 	751 	915 	1033 	632 	559 	560 	961 	748 	639 	431 	669 	679 	587 	967 	304 	298 	302 	196 	140 	228 	198 	280 	77 	94 	343 	255 	120 	124 	101 	72 	513 	750 	404 	424 	190 	440 	517 	535 	1038 	701 	722 	344 	1086 	1039 	860 	395 	265 	394 	471 	288 	426 	228 	241 	530 	568 	803 	589 	670 	464 	405 	1203 	784 	711 	727 	736 	1042 	1330 	1347 	1199 	1140 	839 	621 	412 	549 	507 	881 	1159 	922 	1344 	1118 	934 	1156 	821 	1040 	948 	1012 	1002 	860 	1103 	1209 	1450 	1345 	948 	895 	683 	648 	519 	659 	641 	439 	644 	436 	1034 	746 	720 	449 	289 	371 	344 	448 
GWH,6000,B_190500,BG	640 	818 	775 	666 	548 	838 	897 	823 	709 	885 	1094 	873 	937 	1168 	1075 	894 	480 	723 	713 	604 	584 	843 	797 	588 	805 	938 	908 	753 	618 	753 	986 	589 	609 	1024 	730 	760 	967 	1280 	1237 	985 	684 	737 	636 	772 	1127 	1328 	1105 	962 	1070 	1630 	1435 	1301 	870 	1211 	1239 	1093 	1453 	1539 	1296 	1261 	1100 	1351 	1404 	1128 	940 	934 	929 	784 	1107 	1123 	1120 	979 	1036 	1099 	861 	485 	327 	382 	582 	689 	849 	927 	881 	802 	1007 	1023 	1119 	849 	836 	793 	863 	744 	817 	1061 	1011 	915 	1070 	1201 	1263 	925 	999 	960 	884 	963 	858 	945 	960 	929 	979 	1147 	1163 	918 	449 	476 	571 	580 	496 	589 	800 	644 	644 	641 	820 	657 	448 	429 	688 	672 	703 	752 	790 	659 	640 	801 	782 	726 	705 	726 	746 	540 	574 
GWH,6000,B_190500,CY	0 	0 	0 	0 	0 	0 	0 	0 	0 	0 	0 	0 	0 	0 	0 	0 	0 	0 	0 	0 	0 	0 	0 	0 	0 	0 	0 	0 	0 	0 	0 	0 	0 	0 	0 	0 	0 	0 	0 	0 	0 	0 	0 	0 	0 	0 	0 	0 	0 	0 	0 	0 	0 	0 	0 	0 	0 	0 	0 	0 	0 	0 	0 	0 	0 	0 	0 	0 	0 	0 	0 	0 	0 	0 	0 	0 	0 	0 	0 	0 	0 	0 	0 	0 	0 	0 	0 	0 	0 	0 	0 	0 	0 	0 	0 	0 	0 	0 	0 	0 	0 	0 	0 	0 	0 	0 	0 	0 	0 	0 	0 	0 	0 	0 	0 	0 	0 	0 	0 	0 	0 	0 	0 	0 	0 	0 	0 	0 	0 	0 	0 	0 	0 	0 	0 	0 	0 	0 	0 	0 	0 
GWH,6000,B_190500,CZ	2135 	1689 	1657 	1444 	1788 	1874 	1973 	2162 	2456 	2647 	2540 	2728 	2347 	2104 	2036 	1997 	2054 	1600 	2177 	1539 	1710 	2232 	2636 	2554 	2105 	1781 	1667 	1984 	2192 	2882 	2498 	2660 	2938 	2536 	1934 	1921 	1616 	1424 	1827 	1535 	2084 	2414 	2651 	2117 	2780 	2857 	2555 	2421 	2218 	2486 	2441 	1828 	1601 	2035 	2630 	2719 	2875 	2425 	2275 	2846 	2216 	1682 	1917 	2137 	1761 	2578 	2934 	2484 	2878 	2896 	2691 	2764 	1829 	2136 	2357 	1839 	1886 	1977 	2416 	2183 	2485 	2254 	2288 	2303 	1893 	2246 	2617 	2147 	2108 	2579 	2716 	2509 	3048 	3286 	2765 	2735 	2055 	2212 	2145 	1778 	2143 	2076 	2245 	1988 	2073 	1565 	1793 	2181 	1752 	1389 	2183 	1287 	1216 	1933 	2147 	2027 	2118 	2122 	2153 	2127 	1710 	1464 	1808 	1534 	1273 	1783 	2181 	2001 	2073 	1832 	1466 	1347 	1028 	1459 	1738 	1396 	1280 	1868 	1894 	2149 	2532 
GWH,6000,B_190500,DE	: 	: 	: 	: 	: 	: 	: 	: 	: 	: 	: 	: 	: 	: 	: 	: 	: 	: 	: 	: 	: 	: 	: 	: 	: 	: 	: 	: 	: 	: 	: 	: 	: 	: 	: 	: 	: 	: 	: 	: 	: 	: 	: 	: 	: 	: 	: 	: 	: 	: 	: 	: 	: 	: 	: 	: 	: 	: 	: 	: 	: 	: 	: 	: 	: 	: 	: 	: 	: 	0 	0 	0 	0 	0 	0 	0 	0 	0 	0 	0 	0 	0 	0 	0 	0 	0 	0 	0 	0 	0 	0 	0 	0 	0 	0 	0 	0 	0 	0 	0 	0 	0 	0 	0 	0 	0 	0 	0 	0 	0 	0 	0 	0 	0 	0 	0 	0 	0 	0 	0 	0 	0 	0 	0 	0 	0 	0 	0 	0 	0 	0 	0 	0 	0 	0 	0 	0 	0 	0 	0 	0 
GWH,6000,B_190500,DK	577 	347 	609 	634 	688 	738 	1307 	875 	1266 	1288 	918 	955 	598 	570 	514 	344 	401 	1028 	1422 	1109 	1262 	1294 	925 	874 	370 	505 	741 	766 	786 	1180 	1178 	1083 	937 	1181 	990 	888 	504 	734 	799 	594 	712 	645 	763 	1000 	1109 	1028 	881 	657 	546 	505 	700 	817 	794 	734 	506 	920 	1239 	900 	792 	285 	461 	796 	735 	468 	611 	765 	985 	1077 	1368 	1007 	1007 	828 	499 	558 	723 	626 	754 	880 	1289 	997 	1053 	1261 	925 	1037 	729 	587 	557 	613 	774 	959 	1029 	1080 	1155 	997 	786 	604 	572 	537 	606 	588 	557 	1017 	1273 	1423 	1415 	1363 	959 	1075 	802 	460 	691 	535 	789 	939 	1458 	1375 	1289 	1167 	989 	896 	800 	562 	424 	606 	684 	806 	1285 	1257 	1399 	1318 	1460 	1251 	860 	377 	793 	706 	659 	894 	795 	1063 	1185 
GWH,6000,B_190500,EA	: 	: 	: 	: 	: 	: 	: 	: 	: 	: 	: 	: 	: 	: 	: 	: 	: 	: 	: 	: 	: 	: 	: 	: 	: 	: 	: 	: 	: 	: 	: 	: 	: 	: 	: 	: 	: 	: 	: 	: 	: 	: 	: 	: 	: 	: 	: 	: 	: 	: 	: 	: 	: 	: 	: 	: 	: 	: 	: 	: 	: 	: 	: 	: 	: 	: 	: 	: 	: 	: 	: 	13015 	: 	: 	: 	: 	: 	: 	: 	: 	: 	: 	: 	: 	: 	: 	: 	: 	: 	: 	: 	: 	: 	14767 	13633 	12950 	11912 	13621 	14578 	13738 	13329 	13215 	14254 	11635 	13299 	11080 	11364 	11685 	11685 	13279 	12025 	12190 	10282 	10637 	12458 	9956 	11028 	12084 	10715 	10629 	10523 	10907 	11699 	10854 	11832 	10400 	11796 	10617 	11609 	11767 	11363 	10117 	10526 	12475 	11247 	10917 	11671 	10864 	11267 	11333 	11481 
GWH,6000,B_190500,EE	167 	161 	315 	309 	273 	235 	139 	246 	375 	312 	471 	474 	490 	483 	361 	389 	376 	434 	435 	358 	387 	312 	417 	428 	339 	432 	476 	501 	475 	330 	367 	440 	498 	325 	398 	441 	507 	530 	492 	464 	462 	422 	509 	532 	532 	467 	464 	564 	526 	479 	540 	581 	556 	499 	482 	575 	634 	598 	512 	548 	517 	502 	534 	560 	576 	519 	518 	571 	529 	454 	479 	507 	465 	507 	485 	425 	632 	546 	584 	598 	619 	477 	474 	439 	444 	508 	420 	407 	444 	346 	315 	329 	347 	458 	449 	444 	462 	497 	486 	480 	370 	410 	437 	297 	412 	447 	385 	373 	368 	418 	447 	382 	308 	134 	297 	268 	268 	300 	232 	277 	285 	262 	255 	261 	180 	161 	216 	249 	253 	234 	263 	267 	259 	264 	189 	149 	124 	135 	95 	119 	167 
GWH,6000,B_190500,EL	106 	105 	36 	28 	23 	95 	89 	56 	357 	284 	231 	267 	147 	287 	178 	84 	54 	164 	304 	135 	52 	135 	259 	296 	198 	350 	229 	115 	156 	55 	54 	247 	365 	191 	65 	240 	104 	58 	121 	28 	29 	23 	24 	11 	144 	188 	140 	141 	145 	287 	391 	60 	10 	46 	14 	15 	35 	53 	62 	146 	49 	28 	43 	16 	18 	66 	15 	50 	94 	176 	131 	218 	227 	243 	122 	227 	110 	313 	353 	303 	178 	355 	392 	344 	319 	343 	305 	239 	300 	441 	401 	357 	375 	355 	396 	286 	267 	332 	272 	252 	394 	291 	433 	319 	351 	358 	269 	350 	277 	328 	105 	57 	2 	72 	210 	214 	332 	364 	346 	349 	313 	292 	183 	157 	144 	226 	278 	283 	297 	0 	0 	0 	8 	25 	20 	0 	0 	2 	0 	21 	9 
GWH,6000,B_190500,ES	1144 	929 	589 	581 	826 	732 	1037 	1046 	1334 	1099 	1123 	1330 	867 	538 	545 	376 	856 	841 	1703 	1077 	955 	1585 	1635 	1250 	750 	743 	759 	757 	940 	1117 	1090 	1350 	1765 	1033 	1244 	1600 	626 	772 	870 	696 	1000 	1493 	1197 	1090 	1148 	1038 	1038 	804 	814 	1036 	983 	893 	836 	1052 	1105 	1149 	1142 	1119 	866 	1011 	1170 	1086 	1211 	1024 	1110 	994 	1185 	1265 	1112 	1207 	1254 	1374 	1502 	1341 	1624 	1185 	1139 	1226 	1307 	1325 	1391 	1756 	1398 	1728 	1536 	1259 	1354 	1430 	1636 	1676 	1576 	1848 	1468 	1283 	1056 	1122 	1108 	1073 	1115 	991 	784 	1337 	1152 	688 	965 	805 	975 	1394 	1309 	1188 	1268 	941 	806 	897 	1045 	726 	1308 	1159 	1319 	1298 	1117 	1312 	1485 	1373 	1246 	1202 	913 	1000 	1434 	1611 	1481 	1386 	1413 	1273 	1447 	1386 	1340 	1630 	1441 	1272 	1152 
GWH,6000,B_190500,EU27	: 	: 	: 	: 	: 	: 	: 	: 	: 	: 	: 	: 	: 	: 	: 	: 	: 	: 	: 	: 	: 	: 	: 	: 	: 	: 	: 	: 	: 	: 	: 	: 	: 	: 	: 	: 	: 	: 	: 	: 	: 	: 	: 	: 	: 	: 	: 	: 	: 	: 	: 	: 	: 	: 	: 	: 	: 	: 	: 	: 	: 	: 	: 	: 	: 	: 	: 	: 	: 	: 	: 	21730 	: 	: 	: 	: 	: 	: 	: 	: 	: 	: 	: 	: 	: 	: 	: 	: 	: 	: 	: 	: 	: 	25586 	22594 	21072 	19861 	21954 	23052 	20378 	20357 	21244 	22376 	19570 	21258 	18457 	18786 	19620 	17927 	19599 	20106 	18688 	16954 	17570 	19989 	16417 	17448 	19985 	18552 	18042 	16594 	16465 	17900 	15966 	17267 	16781 	19687 	18476 	20381 	19599 	18636 	17087 	15824 	17417 	18621 	17268 	18548 	19097 	19354 	20401 	21340 
GWH,6000,B_190500,EU28	: 	: 	: 	: 	: 	: 	: 	: 	: 	: 	: 	: 	: 	: 	: 	: 	: 	: 	: 	: 	: 	: 	: 	: 	: 	: 	: 	: 	: 	: 	: 	: 	: 	: 	: 	: 	: 	: 	: 	: 	: 	: 	: 	: 	: 	: 	: 	: 	: 	: 	: 	: 	: 	: 	: 	: 	: 	: 	: 	: 	: 	: 	: 	: 	: 	: 	: 	: 	: 	: 	: 	21768 	: 	: 	: 	: 	: 	: 	: 	: 	: 	: 	: 	: 	: 	: 	: 	: 	: 	: 	: 	: 	: 	: 	: 	: 	: 	: 	: 	: 	: 	: 	: 	: 	: 	: 	: 	: 	: 	: 	: 	: 	: 	: 	: 	: 	: 	: 	: 	: 	: 	: 	: 	: 	: 	: 	: 	: 	: 	: 	: 	: 	: 	: 	: 	: 	: 	: 	: 	: 	: 
GWH,6000,B_190500,FI	246 	303 	563 	519 	401 	287 	188 	245 	152 	350 	298 	348 	270 	150 	110 	267 	287 	86 	112 	165 	169 	206 	162 	160 	128 	164 	240 	182 	109 	66 	62 	147 	151 	135 	46 	63 	112 	101 	202 	331 	438 	321 	576 	511 	329 	408 	381 	454 	331 	356 	517 	601 	390 	452 	459 	325 	448 	358 	281 	263 	241 	228 	168 	175 	296 	366 	383 	440 	455 	382 	108 	126 	40 	105 	182 	130 	112 	181 	142 	142 	116 	86 	92 	137 	113 	95 	253 	168 	147 	118 	182 	98 	155 	148 	106 	176 	125 	32 	92 	192 	403 	628 	912 	304 	686 	692 	375 	408 	234 	66 	38 	247 	397 	922 	1003 	464 	373 	578 	195 	119 	66 	15 	147 	295 	81 	380 	353 	551 	425 	690 	808 	487 	473 	305 	169 	134 	59 	163 	16 	11 	20 
GWH,6000,B_190500,FR	5971 	6373 	6514 	7451 	7715 	5511 	7441 	6486 	4078 	6475 	3992 	5630 	6308 	5530 	6990 	7810 	8472 	6457 	5308 	5243 	7881 	3921 	3103 	4401 	5385 	5587 	5946 	4699 	6539 	6088 	7212 	5016 	2957 	3183 	3309 	3216 	4329 	4888 	5332 	7015 	6080 	5297 	5668 	6139 	6606 	7062 	6798 	5876 	5788 	7192 	7020 	6546 	6548 	5138 	5154 	4508 	5903 	5620 	6350 	4971 	5930 	7979 	8341 	6438 	6712 	4681 	5563 	5495 	6672 	4518 	4105 	4836 	: 	: 	: 	: 	: 	: 	: 	: 	: 	: 	: 	: 	: 	: 	: 	: 	: 	: 	: 	: 	: 	5769 	5120 	4665 	4753 	5680 	6461 	6356 	5840 	5664 	5526 	4774 	5016 	3013 	4046 	3248 	4592 	6377 	5400 	5820 	3509 	3891 	4262 	3284 	2656 	3173 	3026 	2178 	2866 	3446 	3383 	3459 	5233 	3815 	5276 	4310 	4287 	4263 	4368 	3056 	4567 	6060 	5424 	5623 	6131 	4391 	3989 	4863 	5137 
GWH,6000,B_190500,HR	362 	307 	280 	313 	465 	455 	451 	454 	553 	575 	462 	461 	340 	395 	482 	476 	465 	869 	1237 	847 	682 	662 	395 	392 	393 	316 	287 	277 	405 	175 	297 	307 	277 	164 	344 	168 	229 	258 	188 	283 	202 	194 	451 	394 	285 	99 	99 	315 	139 	124 	108 	21 	85 	147 	286 	246 	189 	300 	332 	100 	414 	219 	129 	97 	227 	177 	267 	370 	234 	197 	249 	38 	101 	132 	213 	257 	439 	672 	542 	178 	276 	259 	229 	92 	128 	138 	133 	85 	116 	97 	100 	138 	124 	152 	121 	107 	140 	96 	94 	97 	109 	148 	167 	130 	195 	452 	236 	180 	146 	139 	153 	150 	278 	282 	276 	190 	230 	230 	280 	225 	189 	151 	142 	164 	196 	239 	206 	254 	293 	275 	200 	167 	172 	164 	157 	143 	161 	213 	149 	158 	165 
GWH,6000,B_190500,HU	839 	622 	535 	268 	448 	704 	479 	363 	997 	831 	362 	509 	418 	339 	463 	158 	166 	228 	199 	212 	381 	596 	547 	546 	499 	447 	592 	506 	631 	750 	568 	397 	848 	518 	207 	381 	429 	323 	634 	181 	357 	520 	501 	466 	723 	871 	521 	443 	609 	522 	513 	367 	351 	296 	569 	489 	696 	708 	505 	433 	420 	633 	670 	439 	307 	202 	489 	387 	497 	732 	386 	484 	525 	278 	404 	270 	110 	123 	362 	508 	578 	667 	576 	655 	458 	721 	606 	569 	511 	511 	930 	1395 	1404 	1353 	1119 	708 	640 	740 	544 	408 	470 	398 	514 	612 	516 	449 	526 	652 	402 	291 	345 	161 	168 	235 	380 	479 	513 	792 	598 	400 	263 	198 	296 	212 	138 	371 	582 	528 	611 	820 	759 	906 	509 	505 	507 	346 	444 	519 	883 	944 	1128 
GWH,6000,B_190500,IE	107 	43 	72 	161 	106 	132 	152 	142 	88 	103 	147 	102 	115 	158 	190 	223 	140 	125 	36 	136 	174 	164 	138 	149 	216 	173 	210 	162 	23 	110 	119 	153 	188 	92 	94 	101 	138 	208 	210 	151 	120 	112 	120 	122 	114 	110 	114 	106 	102 	86 	95 	74 	83 	76 	80 	62 	86 	82 	62 	53 	47 	47 	66 	55 	52 	65 	23 	30 	39 	87 	66 	93 	78 	91 	46 	75 	33 	42 	30 	48 	53 	38 	44 	23 	16 	22 	12 	9 	18 	12 	6 	54 	115 	57 	49 	37 	19 	16 	6 	3 	9 	2 	11 	16 	16 	9 	48 	36 	73 	17 	41 	18 	2 	19 	13 	8 	4 	14 	23 	23 	2 	5 	7 	12 	5 	10 	11 	25 	40 	14 	85 	65 	6 	14 	11 	43 	6 	2 	7 	18 	33 
GWH,6000,B_190500,IS	: 	: 	: 	: 	: 	: 	: 	: 	: 	: 	: 	: 	: 	: 	: 	: 	: 	: 	: 	: 	: 	: 	: 	: 	: 	: 	: 	: 	: 	: 	: 	: 	: 	: 	: 	: 	: 	: 	: 	: 	: 	: 	: 	: 	: 	: 	: 	: 	: 	: 	: 	: 	: 	: 	0 	0 	0 	0 	0 	0 	0 	0 	0 	0 	0 	0 	0 	0 	0 	0 	0 	0 	0 	0 	0 	0 	0 	0 	0 	0 	0 	0 	0 	0 	0 	0 	0 	0 	0 	0 	0 	0 	0 	0 	0 	0 	0 	0 	0 	0 	0 	0 	0 	0 	0 	0 	0 	0 	0 	0 	0 	0 	0 	0 	0 	0 	0 	0 	0 	0 	0 	0 	0 	0 	0 	0 	0 	0 	0 	0 	0 	0 	0 	0 	0 	0 	0 	0 	0 	0 	0 
GWH,6000,B_190500,IT	: 	559 	588 	410 	399 	509 	418 	324 	531 	410 	298 	111 	147 	283 	326 	265 	370 	339 	178 	199 	325 	310 	308 	203 	347 	372 	508 	461 	498 	537 	404 	383 	803 	555 	438 	452 	404 	655 	497 	461 	535 	619 	555 	463 	515 	289 	202 	294 	496 	457 	277 	392 	478 	443 	418 	299 	420 	371 	309 	192 	292 	609 	306 	256 	222 	189 	83 	66 	126 	224 	106 	103 	111 	315 	213 	260 	282 	192 	125 	111 	137 	142 	85 	78 	168 	308 	229 	231 	190 	160 	127 	376 	196 	223 	169 	75 	125 	141 	96 	176 	87 	116 	192 	127 	196 	281 	133 	159 	87 	112 	101 	129 	120 	169 	154 	135 	237 	187 	224 	305 	191 	94 	153 	204 	136 	179 	114 	140 	194 	432 	221 	255 	343 	246 	161 	271 	194 	85 	473 	365 	275 
GWH,6000,B_190500,LT	287 	355 	317 	387 	280 	335 	369 	306 	289 	224 	261 	247 	163 	240 	246 	306 	290 	412 	290 	250 	286 	286 	236 	346 	251 	285 	247 	248 	343 	276 	317 	195 	219 	233 	173 	216 	334 	290 	264 	201 	312 	315 	268 	183 	42 	79 	44 	89 	41 	81 	45 	38 	58 	113 	43 	37 	61 	68 	55 	79 	135 	66 	68 	80 	65 	83 	16 	54 	61 	77 	99 	118 	125 	125 	77 	62 	112 	153 	69 	47 	65 	67 	83 	104 	169 	172 	146 	138 	136 	115 	123 	102 	87 	115 	103 	146 	125 	93 	106 	140 	88 	176 	83 	87 	85 	186 	148 	168 	162 	130 	102 	70 	156 	282 	177 	274 	327 	737 	685 	723 	586 	618 	651 	237 	724 	763 	655 	635 	702 	646 	535 	577 	252 	209 	540 	676 	577 	591 	672 	638 	695 
GWH,6000,B_190500,LU	53 	61 	49 	63 	73 	73 	109 	96 	125 	116 	104 	116 	95 	89 	64 	116 	129 	144 	127 	128 	134 	142 	111 	146 	118 	111 	74 	79 	90 	125 	123 	123 	125 	130 	125 	113 	109 	103 	93 	98 	149 	128 	126 	123 	122 	137 	122 	113 	141 	122 	106 	108 	140 	139 	251 	270 	272 	263 	254 	257 	169 	79 	71 	81 	95 	240 	239 	91 	170 	172 	245 	223 	129 	80 	87 	109 	128 	152 	231 	167 	184 	165 	197 	202 	131 	164 	198 	247 	260 	267 	275 	280 	237 	272 	267 	138 	81 	95 	192 	172 	206 	279 	307 	296 	310 	343 	293 	282 	236 	229 	237 	272 	258 	272 	261 	257 	276 	227 	214 	247 	225 	243 	203 	142 	187 	200 	231 	219 	267 	250 	252 	261 	248 	262 	102 	71 	76 	186 	259 	242 	269 
GWH,6000,B_190500,LV	293 	312 	351 	365 	277 	326 	342 	251 	352 	322 	367 	272 	259 	358 	301 	240 	306 	528 	413 	391 	507 	359 	417 	353 	314 	291 	332 	245 	344 	329 	430 	320 	402 	333 	320 	199 	206 	313 	394 	306 	462 	440 	354 	222 	245 	139 	303 	441 	254 	351 	238 	280 	332 	502 	256 	191 	137 	148 	133 	155 	144 	186 	247 	284 	330 	396 	340 	301 	359 	273 	351 	337 	244 	283 	273 	250 	514 	434 	189 	237 	267 	221 	225 	227 	78 	199 	270 	260 	501 	503 	358 	255 	148 	132 	132 	100 	71 	111 	217 	223 	383 	557 	245 	282 	310 	366 	309 	202 	225 	214 	177 	230 	256 	556 	234 	140 	192 	468 	532 	423 	86 	138 	133 	295 	241 	493 	184 	150 	122 	431 	404 	232 	183 	39 	288 	388 	249 	580 	480 	135 	144 
GWH,6000,B_190500,ME	: 	44 	55 	87 	64 	179 	281 	220 	279 	90 	52 	24 	24 	24 	39 	12 	54 	102 	194 	122 	66 	54 	42 	3 	2 	2 	6 	15 	15 	27 	37 	89 	30 	90 	144 	95 	56 	29 	51 	46 	89 	106 	119 	40 	41 	56 	55 	53 	37 	19 	42 	11 	54 	20 	28 	57 	66 	90 	32 	77 	55 	29 	8 	35 	29 	53 	39 	95 	80 	25 	52 	42 	27 	9 	14 	15 	50 	175 	108 	49 	55 	: 	: 	: 	: 	: 	: 	: 	: 	: 	: 	: 	: 	: 	: 	: 	: 	: 	: 	: 	: 	: 	: 	: 	: 	: 	: 	: 	: 	: 	: 	: 	: 	: 	: 	: 	: 	: 	: 	: 	: 	: 	: 	: 	: 	: 	: 	: 	: 	: 	: 	: 	: 	: 	: 	: 	: 	: 	: 	: 	: 
GWH,6000,B_190500,MK	: 	: 	: 	: 	: 	: 	: 	: 	: 	: 	: 	: 	: 	: 	: 	: 	: 	: 	: 	: 	: 	: 	: 	: 	: 	: 	: 	: 	: 	: 	: 	: 	: 	: 	: 	: 	: 	: 	: 	: 	: 	: 	: 	: 	: 	: 	: 	: 	: 	: 	: 	: 	: 	: 	: 	: 	: 	: 	: 	: 	: 	: 	: 	: 	: 	: 	: 	: 	: 	0 	0 	0 	0 	0 	0 	0 	0 	0 	0 	0 	0 	: 	: 	: 	: 	: 	: 	: 	: 	: 	: 	: 	: 	: 	: 	: 	: 	: 	: 	: 	: 	: 	: 	: 	: 	: 	: 	: 	: 	: 	: 	: 	: 	: 	: 	: 	: 	: 	: 	: 	: 	: 	: 	: 	: 	: 	: 	: 	: 	: 	: 	: 	: 	: 	: 	: 	: 	: 	: 	: 	: 
GWH,6000,B_190500,MT	0 	0 	0 	1 	8 	3 	0 	0 	0 	4 	1 	0 	1 	2 	1 	1 	1 	0 	0 	0 	0 	0 	0 	0 	0 	0 	0 	0 	0 	0 	0 	0 	0 	0 	0 	0 	0 	0 	0 	0 	0 	0 	0 	0 	0 	0 	0 	0 	0 	0 	0 	0 	0 	0 	0 	0 	0 	0 	0 	0 	0 	: 	: 	: 	: 	: 	: 	: 	: 	: 	: 	0 	0 	0 	0 	0 	0 	0 	0 	0 	0 	0 	0 	0 	0 	0 	0 	0 	0 	0 	0 	0 	0 	0 	0 	0 	0 	0 	0 	0 	0 	0 	0 	0 	0 	0 	0 	0 	0 	0 	0 	0 	0 	0 	0 	0 	0 	0 	0 	0 	0 	0 	0 	0 	0 	0 	0 	0 	0 	0 	0 	0 	0 	0 	0 	0 	0 	0 	0 	0 	0 
GWH,6000,B_190500,NL	1411 	1423 	1377 	1077 	1801 	1175 	1900 	1892 	1576 	1823 	1801 	1977 	1882 	2109 	1400 	1052 	899 	1218 	1538 	2008 	1576 	1835 	2015 	1857 	1202 	909 	1257 	1104 	1190 	1778 	1660 	1813 	2331 	2212 	2255 	2456 	1923 	1327 	998 	1245 	1245 	1459 	1528 	1445 	1518 	1817 	1817 	2622 	2335 	1478 	1473 	1377 	1094 	1805 	2151 	2110 	1979 	2036 	1839 	2020 	1455 	1149 	1188 	1342 	1559 	1834 	1414 	1266 	1320 	1374 	1238 	1156 	968 	848 	890 	756 	1047 	1447 	1925 	1650 	1719 	1450 	1561 	1658 	1052 	971 	941 	935 	639 	1326 	1573 	1707 	1232 	1378 	1188 	1193 	880 	1013 	866 	680 	744 	644 	1013 	892 	1039 	1541 	1336 	1748 	926 	714 	576 	749 	1069 	627 	1178 	917 	1428 	1317 	1172 	1240 	1032 	963 	1058 	762 	458 	537 	641 	548 	790 	596 	788 	1095 	589 	340 	341 	348 	593 	1211 	1545 	1011 	562 
GWH,6000,B_190500,NO	1770 	1708 	1578 	1210 	739 	622 	379 	529 	1337 	1300 	1940 	1995 	1910 	1901 	1598 	1500 	1272 	565 	907 	1731 	1868 	1696 	1749 	1908 	2218 	2187 	2109 	2121 	1768 	1272 	1121 	1290 	1837 	1739 	1230 	1550 	1841 	1742 	2046 	2533 	2108 	1382 	2153 	1693 	1918 	1643 	1865 	1745 	2185 	2075 	1631 	2123 	1803 	1427 	1814 	1543 	2137 	1745 	2026 	1787 	2006 	1780 	2465 	2249 	1887 	1850 	1361 	1236 	1409 	1343 	1065 	976 	1318 	1885 	1871 	1720 	1334 	562 	864 	978 	1259 	1318 	1402 	1532 	1683 	2554 	1966 	1958 	2013 	1874 	1584 	1915 	2258 	1337 	2124 	1936 	1785 	2306 	2466 	1300 	432 	354 	72 	105 	76 	547 	617 	1405 	814 	626 	963 	364 	285 	122 	146 	412 	803 	1300 	1608 	1861 	1893 	1735 	1060 	863 	919 	730 	931 	605 	1176 	1562 	1361 	1450 	1372 	1747 	2045 	1867 	1315 	923 	1381 	1208 	967 
GWH,6000,B_190500,PL	634 	506 	658 	454 	616 	498 	541 	620 	1030 	993 	647 	749 	613 	1030 	774 	460 	455 	407 	612 	644 	736 	912 	857 	638 	534 	640 	937 	813 	915 	862 	929 	1307 	1639 	1266 	1032 	1043 	693 	577 	690 	683 	1016 	1071 	1045 	1128 	1773 	1671 	1495 	1418 	1566 	1265 	1383 	943 	775 	734 	1131 	1213 	1199 	1263 	1020 	980 	658 	599 	1013 	886 	605 	1007 	1006 	1010 	1295 	1515 	1145 	1241 	1078 	843 	984 	589 	589 	801 	1120 	1208 	1208 	1102 	1058 	1053 	826 	1077 	1001 	920 	795 	960 	1102 	1441 	1307 	1540 	1418 	1174 	924 	1029 	1022 	682 	854 	813 	1080 	840 	645 	581 	752 	845 	476 	435 	634 	365 	475 	631 	806 	920 	746 	954 	1047 	947 	859 	581 	687 	522 	445 	490 	926 	942 	1195 	902 	865 	861 	597 	612 	782 	634 	587 	690 	66 	1093 	1197 
GWH,6000,B_190500,PT	: 	177 	333 	165 	332 	344 	171 	144 	514 	651 	752 	463 	593 	658 	830 	740 	458 	687 	1187 	621 	686 	581 	654 	373 	605 	900 	813 	632 	614 	576 	684 	917 	840 	774 	770 	515 	590 	633 	618 	620 	851 	950 	798 	1277 	1305 	540 	461 	753 	357 	349 	444 	353 	424 	377 	610 	733 	408 	557 	726 	296 	316 	308 	251 	304 	265 	467 	806 	879 	1169 	514 	438 	514 	188 	243 	92 	247 	386 	791 	882 	566 	668 	391 	437 	126 	220 	269 	175 	259 	232 	132 	183 	268 	181 	291 	339 	256 	230 	303 	241 	225 	436 	196 	489 	460 	465 	597 	232 	71 	87 	80 	100 	122 	291 	287 	357 	351 	617 	534 	214 	165 	194 	193 	156 	157 	173 	149 	294 	349 	244 	251 	168 	64 	118 	105 	81 	87 	80 	61 	38 	82 	180 
GWH,6000,B_190500,RO	98 	106 	217 	557 	420 	318 	321 	306 	235 	331 	366 	436 	375 	487 	522 	260 	322 	548 	559 